sample,dom,mapped,mat0,mat20,rp0,rp20,ratio0,ratio20
SRR27343234,Klebsiella,1512,35,16,6368,81,0.005496231155778895,0.19753086419753085
SRR27343249,Pseudomonas,14186,1258,530,15686,452,0.08019890348081092,1.1725663716814159
SRR27343398,Pseudomonas,2302,1247,312,1074,43,1.1610800744878957,7.255813953488372
SRR27343402,Pseudomonas,1902,905,196,1263,48,0.716547901821061,4.083333333333333
SRR27343405,Pseudomonas,3165,1834,349,1801,78,1.0183231538034425,4.4743589743589745
SRR27343409,Pseudomonas,4359,1878,356,1586,58,1.184110970996217,6.137931034482759
SRR27343410,Pseudomonas,2947,1142,244,1330,132,0.8586466165413534,1.8484848484848484
SRR27343413,Acinetobacter,1907,642,131,315,17,2.038095238095238,7.705882352941177
SRR27343415,Pseudomonas,1424,50,17,528,40,0.0946969696969697,0.425
SRR27343426,Pseudomonas,2519,108,31,2266,80,0.04766107678729038,0.3875
SRR27343978,Acinetobacter,3975,40,5,176,48,0.22727272727272727,0.10416666666666667
SRR27343990,Acinetobacter,1994,9,3,53,11,0.16981132075471697,0.2727272727272727
