srr,subgroup,target,f_rp,matrix_on,alg,psl,pel
ERR2275075,in_vitro_exp,36956,0.06575,True,28,14,7
ERR2275076,in_vitro_exp,56243,0.08934,True,28,13,6
ERR2275079,in_vitro_stat,11636,0.11602,True,20,11,5
ERR2275080,in_vitro_stat,10122,0.11579,True,15,12,6
ERR2275081,in_vitro_exp,41033,0.22575,True,17,8,6
ERR2275082,in_vitro_exp,47627,0.2065,True,16,9,6
ERR2275085,in_vitro_stat,11960,0.08161,True,14,9,5
ERR2275086,in_vitro_stat,13245,0.07603,True,17,9,6
ERR2275087,in_vivo_sputum,9894,0.17627,True,23,8,4
ERR2275088,in_vivo_sputum,4191,0.07922,True,18,7,4
ERR2275089,in_vivo_sputum,16152,0.2661,True,21,12,6
ERR2275090,in_vivo_sputum,37362,0.1388,True,29,11,7
ERR2275091,in_vivo_sputum,43909,0.10116,True,27,12,8
ERR2275092,in_vivo_sputum,10397,0.11157,True,24,8,5
ERR2275093,in_vivo_sputum,21331,0.09264,True,27,12,7
ERR2275094,in_vivo_sputum,14762,0.08454,True,25,11,6
ERR2275095,in_vivo_sputum,18427,0.07001,True,26,11,7
ERR2275096,in_vivo_sputum,19919,0.07581,True,27,10,6
ERR2275097,in_vivo_sputum,10338,0.10186,True,24,10,6
ERR2275098,in_vivo_sputum,16311,0.08871,True,26,11,8
ERR2275099,in_vivo_sputum,9284,0.20078,True,22,6,4
ERR2275100,in_vivo_sputum,15171,0.06018,True,22,6,5
ERR2275101,in_vivo_sputum,13301,0.08037,True,22,6,5
ERR2591772,in_vitro_stat,5027,0.11677,True,16,11,5
ERR2591773,in_vitro_exp,30967,0.20102,True,19,13,6
ERR2591774,in_vitro_exp,24752,0.19877,True,21,12,5
ERR2591775,in_vitro_stat,9076,0.07492,True,26,14,6
ERR2591776,in_vitro_stat,13249,0.06597,True,26,13,6
ERR2591777,in_vitro_exp,34721,0.12312,True,26,14,6
ERR2591778,in_vitro_exp,45056,0.10882,True,28,14,7
ERR2591779,in_vitro_stat,2992,0.08489,True,20,10,4
ERR2591780,in_vitro_stat,5283,0.1149,True,16,12,4
ERR2591781,in_vitro_exp,15756,0.25489,True,19,13,4
ERR2591782,in_vitro_exp,34875,0.22512,True,21,13,6
ERR2591783,in_vitro_stat,9663,0.1455,True,17,12,6
ERR2591784,in_vitro_stat,8392,0.14847,True,18,11,6
ERR2591785,in_vitro_exp,41912,0.22471,True,24,14,8
ERR2591786,in_vitro_exp,41928,0.21754,True,22,14,9
