sample	SRA	group	dominant_genus	relative_abundance
20210612MCX010	SRR27343419	Bacterial infection	Acinetobacter	0.477851
20210618MCX006	SRR27343434	Bacterial infection	Campylobacter	0.33697
20210622MCX005	SRR27343446	Bacterial infection	Treponema	0.364867
20210625MCX009	SRR27343973	Bacterial infection	Acinetobacter	0.446342
20210626MCX008	SRR27343428	Bacterial infection	Salmonella	0.54566
20210629MCX008	SRR27343972	Bacterial infection	Acinetobacter	0.389474
20210703MCX010	SRR27343241	Bacterial infection	Porphyromonas	0.2309
20210705MCX013	SRR27343240	Bacterial infection	Acinetobacter	0.346425
20210707MCX007	SRR27343398	Bacterial infection	Pseudomonas	0.764382
20210707MCX008	SRR27343422	Bacterial infection	Mycoplasma	0.317465
20210716MCX016	SRR27343418	Bacterial infection	Pseudomonas	0.64375
20210720MCX011	SRR27343427	Bacterial infection	Acinetobacter	0.299258
20210723MCX013	SRR27343987	Bacterial infection	Pseudomonas	0.614803
20210313MCX003	SRR27343449	Bacterial infection	Acinetobacter	0.36029
20210726MCX012	SRR27343238	Bacterial infection	Porphyromonas	0.185318
20210727MCX015	SRR27343247	Bacterial infection	Klebsiella	0.345351
20210728MCX008	SRR27343433	Bacterial infection	Capnocytophaga	0.221715
20210729MCX010	SRR27343417	Bacterial infection	Lautropia	0.323967
20210804MCX006	SRR27343237	Bacterial infection	Neisseria	0.213638
20210805MCX008	SRR27343432	Bacterial infection	Acinetobacter	0.25594
20210316MCX006	SRR27343985	Bacterial infection	Acinetobacter	0.41961
20210806MCX011	SRR27343431	Bacterial infection	Fusobacterium	0.504941
20210807MCX009	SRR27343965	Bacterial infection	Pseudomonas	0.615961
20210807MCX013	SRR27343429	Bacterial infection	Acinetobacter	0.183691
20210811MCX009	SRR27343430	Bacterial infection	Mycoplasma	0.440289
20210811MCX014	SRR27343961	Bacterial infection	Pseudomonas	0.152153
20210813MCX011	SRR27343445	Bacterial infection	Acinetobacter	0.20643
20210817MCX018	SRR27343998	Bacterial infection	Pseudomonas	0.180175
20210820MCX013	SRR27343426	Bacterial infection	Pseudomonas	0.449786
20210820MCX014	SRR27343416	Bacterial infection	Haemophilus	0.250456
20210820MCX015	SRR27343236	Bacterial infection	Treponema	0.317533
20210821MCX012	SRR27343997	Bacterial infection	Haemophilus	0.147774
20210821MCX014	SRR27343244	Bacterial infection	Burkholderia	0.321387
20210318MCX014	SRR27343448	Bacterial infection	Acinetobacter	0.415635
20210825MCX010	SRR27343996	Bacterial infection	Acinetobacter	0.198326
20210827MCX011	SRR27343966	Bacterial infection	Acinetobacter	0.179537
20210903MCX010	SRR27343246	Bacterial infection	Pseudomonas	0.150694
20210904MCX014	SRR27343976	Bacterial infection	Streptococcus	0.204538
20210906MCX013	SRR27343444	Bacterial infection	Prevotella	0.562287
20210907MCX021	SRR27343967	Bacterial infection	Acinetobacter	0.229269
20210915MCX009	SRR27343235	Bacterial infection	Haemophilus	0.487489
20210916MCX006	SRR27343415	Bacterial infection	Pseudomonas	0.742697
20210924MCX012	SRR27343414	Bacterial infection	Pseudomonas	0.282769
20210929MCX011	SRR27343979	Bacterial infection	Eikenella	0.215638
20211004MCX022	SRR27343253	Bacterial infection	Acinetobacter	0.228073
20211004MCX024	SRR27343252	Bacterial infection	Acinetobacter	0.245475
20211012MCX008	SRR27343974	Bacterial infection	Acinetobacter	0.251752
20211012MCX016	SRR27343234	Bacterial infection	Klebsiella	0.215826
20211015MCX011	SRR27343413	Bacterial infection	Pseudomonas	0.200601
20211019MCX022	SRR27343995	Bacterial infection	Porphyromonas	0.50627
20211021MCX010	SRR27343411	Bacterial infection	Haemophilus	0.813796
20211022MCX007	SRR27343994	Bacterial infection	Neisseria	0.228545
20211022MCX013	SRR27343233	Bacterial infection	Pseudomonas	0.53422
20211026MCX022	SRR27343992	Bacterial infection	Acinetobacter	0.195053
20211028MCX021	SRR27343410	Bacterial infection	Pseudomonas	0.687253
20211028MCX025	SRR27343245	Bacterial infection	Staphylococcus	0.144154
20211101MCX015	SRR27343232	Bacterial infection	Haemophilus	0.670317
20211103MCX004	SRR27343420	Bacterial infection	Acinetobacter	0.190396
20211106MCX005	SRR27343424	Bacterial infection	Acinetobacter	0.223605
20211116MCX012	SRR27343409	Bacterial infection	Pseudomonas	0.812878
20211117MCX015	SRR27343461	Bacterial infection	Delftia	0.0957634
20211117MCX016	SRR27343977	Bacterial infection	Acinetobacter	0.214838
20210402MCX009	SRR27343964	Bacterial infection	Fusobacterium	0.12876
20211120MCX006	SRR27343408	Bacterial infection	Pseudomonas	0.825658
20211123MCX010	SRR27343963	Bacterial infection	Pseudomonas	0.289867
20211124MCX016	SRR27343407	Bacterial infection	Pseudomonas	0.306573
20211125MCX009	SRR27343460	Bacterial infection	Pseudomonas	0.330877
20211204MCX005	SRR27343243	Bacterial infection	Acinetobacter	0.746859
20211215MCX006	SRR27343984	Bacterial infection	Pseudomonas	0.282399
20211215MCX012	SRR27343251	Bacterial infection	Acinetobacter	0.69775
20211216MCX009	SRR27343991	Bacterial infection	Porphyromonas	0.441999
20211218MCX005	SRR27343459	Bacterial infection	Prevotella	0.555437
20211223MCX008	SRR27343990	Bacterial infection	Pseudomonas	0.253044
20211223MCX009	SRR27343970	Bacterial infection	Tannerella	0.339645
20211224MCX012	SRR27343457	Bacterial infection	Porphyromonas	0.687107
20211229MCX017	SRR27343456	Bacterial infection	Pseudomonas	0.217079
20211230MCX012	SRR27343455	Bacterial infection	Pseudomonas	0.366498
20220105MCX008	SRR27343406	Bacterial infection	Haemophilus	0.835776
20220111MCX017	SRR27343454	Bacterial infection	Burkholderia	0.883249
20220112MCX014	SRR27343249	Bacterial infection	Pseudomonas	0.803904
20220112MCX018	SRR27343453	Bacterial infection	Pseudomonas	0.198566
20210412MCX007	SRR27343960	Bacterial infection	Acinetobacter	0.634438
20220119MCX020	SRR27343989	Bacterial infection	Treponema	0.590888
20220122MCX010	SRR27343978	Bacterial infection	Pseudomonas	0.21783
20220127MCX014	SRR27343405	Bacterial infection	Pseudomonas	0.757939
20220127MCX022	SRR27343404	Bacterial infection	Mycoplasma	0.318581
20220210MCX018	SRR27343988	Bacterial infection	Gemella	0.228161
20220224MCX007	SRR27343968	Bacterial infection	Pseudomonas	0.166641
20220301MCX019	SRR27343975	Bacterial infection	Haemophilus	0.808147
20220305MCX010	SRR27343962	Bacterial infection	Pseudomonas	0.796255
20220308MCX015	SRR27343403	Bacterial infection	Haemophilus	0.44674
20210419MCX007	SRR27343425	Bacterial infection	Acinetobacter	0.650908
20210420MCX006	SRR27343981	Bacterial infection	Acinetobacter	0.394807
20220311MCX014	SRR27343402	Bacterial infection	Pseudomonas	0.635628
20210227MCX003	SRR27343450	Bacterial infection	Acinetobacter	0.349524
20220318MCX013	SRR27343400	Bacterial infection	Pseudomonas	0.537113
20220319MCX007	SRR27343986	Bacterial infection	Haemophilus	0.285264
20220319MCX015	SRR27343442	Bacterial infection	Bacteroides	0.400544
20210421MCX013	SRR27343254	Bacterial infection	Acinetobacter	0.451812
20220322MCX015	SRR27343399	Bacterial infection	Enterovirus	0.481186
220406MCX00012	SRR27343451	Bacterial infection	Pseudomonas	0.342841
20210427MCX009	SRR27343248	Bacterial infection	Acinetobacter	0.488154
20210427MCX011	SRR27343421	Bacterial infection	Acinetobacter	0.465181
20210429MCX006	SRR27343440	Bacterial infection	Acinetobacter	0.384021
20210429MCX007	SRR27343439	Bacterial infection	Pseudomonas	0.327625
20210507MCX013	SRR27343443	Bacterial infection	Acinetobacter	0.430649
220610MCX00019	SRR27343452	Bacterial infection	Acinetobacter	0.302798
220623MCX00022	SRR27343441	Bacterial infection	Haemophilus	0.25407
20210517MCX008	SRR27343438	Bacterial infection	Acinetobacter	0.454409
20210603MCX015	SRR27343980	Bacterial infection	Mycoplasma	0.297902
20210604MCX008	SRR27343969	Bacterial infection	Acinetobacter	0.408226
20210607MCX008	SRR27343437	Bacterial infection	Acinetobacter	0.432397
20210609MCX005	SRR27343242	Bacterial infection	Acinetobacter	0.31994
20210610MCX001	SRR27343983	Bacterial infection	Acinetobacter	0.293259
