Patients ID,Group,SRA Accession,micro_reads,unhost_unrRNA_reads,unhost_reads,clean reads,host_ratio
20210629MCX008,Bacterial infection,SRR27343972,5652777,11186171,11278115,25029888,54.941408447373
20210705MCX013,Bacterial infection,SRR27343240,4085710,10240331,13403632,42465175,68.4361785863357
20210316MCX006,Bacterial infection,SRR27343985,3973117,6638157,6682357,19585561,65.8812070790313
20210227MCX003,Bacterial infection,SRR27343450,3687040,6276381,6335078,28783249,77.9903999023877
20210313MCX003,Bacterial infection,SRR27343449,3277509,5931363,6070144,19597691,69.0262286511202
20211004MCX024,Bacterial infection,SRR27343252,1960575,4032643,4202742,17240897,75.6234144893969
20210318MCX014,Bacterial infection,SRR27343448,1583148,2972566,3045802,15992491,80.9547993492696
20210610MCX001,Bacterial infection,SRR27343983,1483503,3066514,3358327,20462890,83.5882077262791
20211004MCX022,Bacterial infection,SRR27343253,1419115,2609582,2670684,15337732,82.5874907711257
20210420MCX006,Bacterial infection,SRR27343981,1279938,2422316,2433174,27237780,91.0669151450669
20210520MCX014,NC,SRR34061015,960619,2268810,2276955,19064192,88.0563781564936
20210414MCX011,NC,SRR34061048,930886,2043559,2064383,18953872,89.1083837645416
20211118MCX007,NC,SRR34061057,478073,1856406,2449506,24734166,90.0966703304247
20210611MCX006,NC,SRR34061072,411620,880130,892648,19612210,95.4485088625912
