srr,group,target,f_rp,f_mat,growth,matrix,systems_on,alg,psl,pel,mapped
SRR27343439,acute,12,0.66667,0.0,FAST,OFF,,0,0,0,18394
SRR27343965,acute,25,0.28,0.16,FAST,partial,,2,0,0,7470
SRR27343962,acute,312,0.24679,0.16346,FAST,alg-only,alginate,4,2,1,57439
SRR27343426,acute,351,0.22792,0.12251,FAST,ON,alginate;psl,7,4,1,126913
SRR27343418,acute,65,0.21538,0.29231,FAST,alg-only,alginate,8,0,0,21370
SRR27343249,acute,2627,0.19452,0.185,FAST,ON,alginate;psl;pel,10,11,4,769434
SRR27343415,acute,116,0.18103,0.13793,FAST,alg-only,alginate,4,1,0,88557
SRR27343408,acute,141,0.11348,0.46809,FAST,alg-only,alginate,13,0,0,13069
SRR27343410,acute,590,0.09661,0.54407,ambig,alg-only,alginate,19,2,0,290200
SRR27343405,acute,754,0.09416,0.54377,ambig,ON,alginate;psl,14,7,2,193006
SRR27343987,acute,100,0.08,0.67,ambig,alg-only,alginate,7,1,0,23967
SRR27343409,acute,776,0.0799,0.53222,ambig,ON,alginate;psl;pel,22,9,4,201258
SRR27343402,acute,432,0.06713,0.54167,ambig,alg-only,alginate,16,0,0,94164
SRR27343398,acute,529,0.06049,0.65595,ambig,ON,alginate;psl,14,4,0,89480
SRR27343399,acute,55,0.05455,0.50909,ambig,alg-only,alginate,8,0,1,14647
ERR2275089,chronic,16152,0.2661,0.12407,FAST,ON,alginate;psl;pel,21,12,6,170015
ERR2591781,chronic,15756,0.25489,0.10117,FAST,ON,alginate;psl;pel,19,13,4,167851
ERR2275081,chronic,41033,0.22575,0.0592,FAST,ON,alginate;psl;pel,17,8,6,297984
ERR2591782,chronic,34875,0.22512,0.09792,FAST,ON,alginate;psl;pel,21,13,6,263785
ERR2591785,chronic,41912,0.22471,0.08575,FAST,ON,alginate;psl;pel,24,14,8,326326
ERR2591786,chronic,41928,0.21754,0.08882,FAST,ON,alginate;psl;pel,22,14,9,311854
ERR2275082,chronic,47627,0.2065,0.06834,FAST,ON,alginate;psl;pel,16,9,6,319821
ERR2591773,chronic,30967,0.20102,0.06723,FAST,ON,alginate;psl;pel,19,13,6,232332
ERR2275099,chronic,9284,0.20078,0.08563,FAST,ON,alginate;psl;pel,22,6,4,74241
ERR2591774,chronic,24752,0.19877,0.06949,FAST,ON,alginate;psl;pel,21,12,5,183460
ERR2275087,chronic,9894,0.17627,0.198,FAST,ON,alginate;psl;pel,23,8,4,127858
ERR2591784,chronic,8392,0.14847,0.11797,FAST,ON,alginate;psl;pel,18,11,6,103064
ERR2591783,chronic,9663,0.1455,0.12501,FAST,ON,alginate;psl;pel,17,12,6,86742
ERR2275090,chronic,37362,0.1388,0.2134,FAST,ON,alginate;psl;pel,29,11,7,285493
ERR2591777,chronic,34721,0.12312,0.47519,FAST,ON,alginate;psl;pel,26,14,6,210556
ERR2591772,chronic,5027,0.11677,0.17744,FAST,ON,alginate;psl;pel,16,11,5,53407
ERR2275079,chronic,11636,0.11602,0.09024,FAST,ON,alginate;psl;pel,20,11,5,136299
ERR2275080,chronic,10122,0.11579,0.08812,FAST,ON,alginate;psl;pel,15,12,6,93808
ERR2591780,chronic,5283,0.1149,0.11509,FAST,ON,alginate;psl;pel,16,12,4,68497
ERR2275092,chronic,10397,0.11157,0.40425,FAST,ON,alginate;psl;pel,24,8,5,75304
ERR2591778,chronic,45056,0.10882,0.51973,FAST,ON,alginate;psl;pel,28,14,7,285395
ERR2275097,chronic,10338,0.10186,0.18843,FAST,ON,alginate;psl;pel,24,10,6,79092
ERR2275091,chronic,43909,0.10116,0.26935,FAST,ON,alginate;psl;pel,27,12,8,245627
ERR2275093,chronic,21331,0.09264,0.34119,ambig,ON,alginate;psl;pel,27,12,7,124080
ERR2275076,chronic,56243,0.08934,0.38383,ambig,ON,alginate;psl;pel,28,13,6,365268
ERR2275098,chronic,16311,0.08871,0.20324,ambig,ON,alginate;psl;pel,26,11,8,133947
ERR2591779,chronic,2992,0.08489,0.17981,ambig,ON,alginate;psl;pel,20,10,4,48523
ERR2275094,chronic,14762,0.08454,0.36201,ambig,ON,alginate;psl;pel,25,11,6,90592
ERR2275085,chronic,11960,0.08161,0.17843,ambig,ON,alginate;psl;pel,14,9,5,114712
ERR2275101,chronic,13301,0.08037,0.13661,ambig,ON,alginate;psl;pel,22,6,5,82567
ERR2275088,chronic,4191,0.07922,0.22,ambig,ON,alginate;psl;pel,18,7,4,27892
ERR2275086,chronic,13245,0.07603,0.16444,ambig,ON,alginate;psl;pel,17,9,6,105400
ERR2275096,chronic,19919,0.07581,0.3706,ambig,ON,alginate;psl;pel,27,10,6,110536
ERR2591775,chronic,9076,0.07492,0.35346,ambig,ON,alginate;psl;pel,26,14,6,103660
ERR2275095,chronic,18427,0.07001,0.35394,ambig,ON,alginate;psl;pel,26,11,7,105903
ERR2591776,chronic,13249,0.06597,0.39784,ambig,ON,alginate;psl;pel,26,13,6,101781
ERR2275075,chronic,36956,0.06575,0.39374,ambig,ON,alginate;psl;pel,28,14,7,239804
ERR2275100,chronic,15171,0.06018,0.18199,ambig,ON,alginate;psl;pel,22,6,5,93562
SRR5677652,healthy,0,0.0,0.0,SLOW,OFF,,0,0,0,10854
SRR5677654,healthy,0,0.0,0.0,SLOW,OFF,,0,0,0,4223
SRR5677655,healthy,0,0.0,0.0,SLOW,OFF,,0,0,0,12565
SRR5677656,healthy,0,0.0,0.0,SLOW,OFF,,0,0,0,5509
SRR5677657,healthy,0,0.0,0.0,SLOW,OFF,,0,0,0,2430
SRR5677658,healthy,0,0.0,0.0,SLOW,OFF,,0,0,0,2983
SRR5677659,healthy,0,0.0,0.0,SLOW,OFF,,0,0,0,2333
SRR5677660,healthy,0,0.0,0.0,SLOW,OFF,,0,0,0,1275
SRR5677661,healthy,0,0.0,0.0,SLOW,OFF,,0,0,0,3697
