srr,group,tot_pao1,coding,pctRP_coding,growth,matrix,systems_on,alg,psl,pel
SRR27343962,acute,10569,10295,21.4,FAST,alg-only,alginate,4,2,1
SRR27343405,acute,24251,23695,7.04,ambig,ON,alginate;psl,14,7,2
SRR27343409,acute,26149,25376,6.3,ambig,ON,alginate;psl;pel,22,9,4
SRR27343408,acute,3909,3838,10.68,FAST,alg-only,alginate,13,0,0
SRR27343426,acute,18364,17837,12.39,FAST,ON,alginate;psl,7,4,1
SRR27343410,acute,21763,20980,5.47,ambig,alg-only,alginate,19,2,0
SRR27343249,acute,85943,83580,18.63,FAST,ON,alginate;psl;pel,10,11,4
SRR27343402,acute,11268,11020,10.93,FAST,alg-only,alginate,16,0,0
SRR27343987,acute,3030,2776,12.46,FAST,alg-only,alginate,7,1,0
SRR27343398,acute,12814,12387,8.5,ambig,ON,alginate;psl,14,4,0
SRR27343418,acute,1823,1723,16.13,FAST,alg-only,alginate,8,0,0
SRR27343399,acute,1446,1357,6.48,ambig,alg-only,alginate,8,0,1
SRR27343965,acute,735,712,21.49,FAST,partial,,2,0,0
SRR27343439,acute,46,38,10.53,FAST,OFF,,0,0,0
SRR27343415,acute,5321,5149,8.6,ambig,alg-only,alginate,4,1,0
ERR2275087,chronic-invivo,1858822,951671,6.34,ambig,ON,alginate;psl;pel,23,8,4
ERR2275088,chronic-invivo,327030,216438,4.6,SLOW,ON,alginate;psl;pel,18,7,4
ERR2275089,chronic-invivo,760689,605207,19.75,FAST,ON,alginate;psl;pel,21,12,6
ERR2275090,chronic-invivo,1868343,1579802,10.06,FAST,ON,alginate;psl;pel,29,11,7
ERR2275091,chronic-invivo,1883939,1667142,6.31,ambig,ON,alginate;psl;pel,27,12,8
ERR2275092,chronic-invivo,807025,550211,5.13,ambig,ON,alginate;psl;pel,24,8,5
ERR2275093,chronic-invivo,1732696,1564987,2.65,SLOW,ON,alginate;psl;pel,27,12,7
ERR2275094,chronic-invivo,1176991,1050822,2.59,SLOW,ON,alginate;psl;pel,25,11,6
ERR2275095,chronic-invivo,1745092,1461987,2.27,SLOW,ON,alginate;psl;pel,26,11,7
ERR2275096,chronic-invivo,1770461,1410467,2.34,SLOW,ON,alginate;psl;pel,27,10,6
ERR2275097,chronic-invivo,1061167,837695,3.62,SLOW,ON,alginate;psl;pel,24,10,6
ERR2275098,chronic-invivo,1443899,1090234,3.71,SLOW,ON,alginate;psl;pel,26,11,8
ERR2275099,chronic-invivo,523302,404808,16.72,FAST,ON,alginate;psl;pel,22,6,4
ERR2275100,chronic-invivo,1124075,946349,4.41,SLOW,ON,alginate;psl;pel,22,6,5
ERR2275101,chronic-invivo,926723,737424,6.08,ambig,ON,alginate;psl;pel,22,6,5
ERR2275075,chronic-exp,1350611,1161456,6.65,ambig,ON,alginate;psl;pel,28,14,7
ERR2275076,chronic-exp,1560969,1336366,7.63,ambig,ON,alginate;psl;pel,28,13,6
ERR2275081,chronic-exp,1273979,1168969,14.31,FAST,ON,alginate;psl;pel,17,8,6
ERR2275082,chronic-exp,1494110,1384621,11.68,FAST,ON,alginate;psl;pel,16,9,6
ERR2591773,chronic-exp,1165298,993212,13.72,FAST,ON,alginate;psl;pel,19,13,6
ERR2591774,chronic-exp,931159,799886,13.57,FAST,ON,alginate;psl;pel,21,12,5
ERR2591777,chronic-exp,1059743,944098,9.92,ambig,ON,alginate;psl;pel,26,14,6
ERR2591778,chronic-exp,1147787,1043185,9.08,ambig,ON,alginate;psl;pel,28,14,7
ERR2591781,chronic-exp,595103,531838,15.57,FAST,ON,alginate;psl;pel,19,13,4
ERR2591782,chronic-exp,1189931,1076600,15.22,FAST,ON,alginate;psl;pel,21,13,6
ERR2591785,chronic-exp,1448762,1308739,15.75,FAST,ON,alginate;psl;pel,24,14,8
ERR2591786,chronic-exp,1456358,1314411,15.02,FAST,ON,alginate;psl;pel,22,14,9
ERR2275079,chronic-stat,1476658,1194343,2.33,SLOW,ON,alginate;psl;pel,20,11,5
ERR2275080,chronic-stat,1630057,1497464,2.67,SLOW,ON,alginate;psl;pel,15,12,6
ERR2275085,chronic-stat,1270556,1068273,1.79,SLOW,ON,alginate;psl;pel,14,9,5
ERR2275086,chronic-stat,1333436,1097165,2.4,SLOW,ON,alginate;psl;pel,17,9,6
ERR2591772,chronic-stat,1036765,613910,2.1,SLOW,ON,alginate;psl;pel,16,11,5
ERR2591775,chronic-stat,1362065,1061665,1.59,SLOW,ON,alginate;psl;pel,26,14,6
ERR2591776,chronic-stat,1581615,1203629,1.73,SLOW,ON,alginate;psl;pel,26,13,6
ERR2591779,chronic-stat,958027,648117,0.97,SLOW,ON,alginate;psl;pel,20,10,4
ERR2591780,chronic-stat,1532022,1186317,1.3,SLOW,ON,alginate;psl;pel,16,12,4
ERR2591783,chronic-stat,1099083,867786,3.83,SLOW,ON,alginate;psl;pel,17,12,6
ERR2591784,chronic-stat,1162053,916540,3.19,SLOW,ON,alginate;psl;pel,18,11,6
SRR5677652,healthy,0,0,,?,OFF,,0,0,0
SRR5677654,healthy,0,0,,?,OFF,,0,0,0
SRR5677655,healthy,0,0,,?,OFF,,0,0,0
SRR5677656,healthy,1,1,0.0,SLOW,OFF,,0,0,0
SRR5677657,healthy,0,0,,?,OFF,,0,0,0
SRR5677658,healthy,0,0,,?,OFF,,0,0,0
SRR5677659,healthy,0,0,,?,OFF,,0,0,0
SRR5677660,healthy,0,0,,?,OFF,,0,0,0
SRR5677661,healthy,0,0,,?,OFF,,0,0,0
