srr,org,rna_total,pseud_frac,aci_frac,rna_dom,table_dom,micro,target,decoy,n_mat,n_rp,n_og,R_mat,R_rp,R_og,R_grw,f_mat,f_rp,f_og,B_rp,B_rp_lo,B_rp_hi,B_full,B_full_lo,B_full_hi,det_mat
SRR27343962,pseu,1668,0.977,0.017,Pseudomonas,Pseudomonas,22040,334,180,40,73,221,0.6249,2.3756,1.2201,1.4304,0.11976,0.21856,0.66168,-1.3355,-1.506,-1.1616,-0.8282,-0.98,-0.6789,0.099
SRR27343405,pseu,3165,0.974,0.01,Pseudomonas,Pseudomonas,44914,648,257,293,56,299,2.3717,2.1027,1.4987,1.6087,0.45216,0.08642,0.46142,0.1204,-0.0213,0.2673,0.3882,0.2731,0.5049,0.2772
SRR27343409,pseu,4359,0.971,0.02,Pseudomonas,Pseudomonas,54581,635,804,314,57,264,2.5167,2.1187,1.3737,1.5093,0.49449,0.08976,0.41575,0.1721,0.0299,0.3167,0.5113,0.393,0.6318,0.3366
SRR27343408,pseu,607,0.952,0.04,Pseudomonas,Pseudomonas,7992,113,74,43,12,58,0.6456,1.3964,0.6377,0.7758,0.38053,0.10619,0.51327,-0.7716,-0.9203,-0.6303,-0.1838,-0.3339,-0.0303,0.1287
SRR27343426,pseu,2519,0.932,0.025,Pseudomonas,Pseudomonas,57499,412,727,28,79,305,0.542,2.4719,1.5202,1.6934,0.06796,0.19175,0.74029,-1.5175,-1.6919,-1.3466,-1.1392,-1.2926,-1.015,0.1287
SRR27343410,pseu,2947,0.89,0.007,Pseudomonas,Pseudomonas,45428,469,480,226,46,197,1.9091,1.9422,1.1343,1.2814,0.48188,0.09808,0.42004,-0.0172,-0.1601,0.1308,0.3987,0.279,0.521,0.2475
SRR27343249,pseu,14186,0.888,0.002,Pseudomonas,Pseudomonas,227647,2810,416,396,450,1964,3.0828,8.4268,7.4471,7.6255,0.14093,0.16014,0.69893,-1.0056,-1.1145,-0.8827,-0.9056,-1.0062,-0.8068,0.3861
SRR27343402,pseu,1902,0.873,0.095,Pseudomonas,Pseudomonas,41214,394,1395,180,30,184,1.5915,1.6854,1.0879,1.1966,0.45685,0.07614,0.46701,-0.0573,-0.2022,0.0824,0.2851,0.1608,0.4184,0.1584
SRR27343987,pseu,553,0.834,0.11,Pseudomonas,Pseudomonas,11815,86,164,52,10,24,0.7077,1.3643,0.5162,0.6706,0.60465,0.11628,0.27907,-0.6564,-0.7855,-0.5263,0.0538,-0.0766,0.178,0.099
SRR27343398,pseu,2302,0.745,0.187,Pseudomonas,Pseudomonas,45961,465,815,282,34,149,2.2957,1.7496,0.9628,1.1061,0.60645,0.07312,0.32043,0.2717,0.1378,0.402,0.7303,0.6167,0.8373,0.2376
SRR27343418,pseu,314,0.739,0.191,Pseudomonas,Pseudomonas,10213,55,418,20,9,26,0.4868,1.3483,0.5234,0.6736,0.36364,0.16364,0.47273,-1.0188,-1.1543,-0.8872,-0.3248,-0.4593,-0.1993,0.0891
SRR27343399,pseu,476,0.624,0.286,Pseudomonas,Enterovirus,62521,41,762,20,3,18,0.4868,1.252,0.4948,0.6327,0.4878,0.07317,0.43902,-0.9447,-1.059,-0.8371,-0.2622,-0.3784,-0.1524,0.0891
SRR27343965,pseu,207,0.565,0.261,Pseudomonas,Pseudomonas,6594,27,349,4,6,17,0.3763,1.3001,0.4912,0.6385,0.14815,0.22222,0.62963,-1.2399,-1.3298,-1.144,-0.5288,-0.599,-0.4395,0.0297
SRR27343439,pseu,497,0.527,0.37,Pseudomonas,Pseudomonas,15688,8,350,0,8,0,0.3487,1.3322,0.4305,0.5947,0.0,1.0,0.0,-1.3405,-1.3405,-1.3405,-0.5339,-0.5339,-0.5339,0.0
SRR27343415,pseu,1424,0.525,0.329,Pseudomonas,Pseudomonas,41188,129,1768,15,15,99,0.4522,1.4446,0.7842,0.9044,0.11628,0.11628,0.76744,-1.1614,-1.3053,-1.0211,-0.6931,-0.8285,-0.5687,0.099
SRR27343413,pseu,1907,0.387,0.474,Acinetobacter,Pseudomonas,131593,165,14695,119,6,40,1.1703,1.3001,0.5734,0.7057,0.72121,0.03636,0.24242,-0.1052,-0.2094,-0.0134,0.5058,0.3942,0.6054,0.1188
SRR27343978,pseu,3975,0.335,0.481,Acinetobacter,Pseudomonas,207799,20,12384,2,3,15,0.3625,1.252,0.4841,0.6239,0.1,0.15,0.75,-1.2395,-1.3037,-1.171,-0.543,-0.5912,-0.4733,0.0099
SRR27343400,pseu,229,0.314,0.507,Acinetobacter,Pseudomonas,13637,2,791,0,1,1,0.3487,1.2199,0.4341,0.5771,0.0,0.5,0.5,-1.2524,-1.2654,-1.2391,-0.5039,-0.5039,-0.5039,0.0
SRR27343233,pseu,443,0.309,0.327,Acinetobacter,Pseudomonas,13273,22,714,2,5,15,0.3625,1.2841,0.4841,0.6297,0.09091,0.22727,0.68182,-1.2648,-1.3328,-1.1863,-0.5523,-0.6004,-0.4827,0.0198
SRR27343451,pseu,452,0.296,0.533,Acinetobacter,Pseudomonas,27644,3,1358,0,1,2,0.3487,1.2199,0.4376,0.5801,0.0,0.33333,0.66667,-1.2524,-1.2783,-1.2391,-0.509,-0.509,-0.509,0.0
SRR27343455,pseu,469,0.256,0.561,Acinetobacter,Pseudomonas,28808,5,1380,2,0,3,0.3625,1.2038,0.4412,0.5801,0.4,0.0,0.6,-1.2003,-1.2391,-1.1629,-0.4701,-0.519,-0.4226,0.0198
SRR27343968,pseu,1156,0.227,0.337,Acinetobacter,Pseudomonas,49902,8,3398,0,3,5,0.3487,1.252,0.4484,0.5947,0.0,0.375,0.625,-1.2783,-1.3161,-1.2524,-0.5339,-0.5339,-0.5339,0.0
SRR27343460,pseu,284,0.165,0.665,Acinetobacter,Pseudomonas,11609,5,729,0,0,5,0.3487,1.2038,0.4484,0.5859,0.0,0.0,1.0,-1.2391,-1.2391,-1.2391,-0.519,-0.519,-0.519,0.0
SRR27343963,pseu,288,0.118,0.774,Acinetobacter,Pseudomonas,15820,1,1013,0,0,1,0.3487,1.2038,0.4341,0.5742,0.0,0.0,1.0,-1.2391,-1.2391,-1.2391,-0.4989,-0.4989,-0.4989,0.0
SRR27343407,pseu,385,0.112,0.59,Acinetobacter,Pseudomonas,14908,2,1007,2,0,0,0.3625,1.2038,0.4305,0.5713,1.0,0.0,0.0,-1.2003,-1.2003,-1.2003,-0.4549,-0.4549,-0.4549,0.0099
SRR27343990,pseu,1994,0.11,0.522,Acinetobacter,Pseudomonas,75239,6,3668,0,1,5,0.3487,1.2199,0.4484,0.5888,0.0,0.16667,0.83333,-1.2524,-1.2783,-1.2391,-0.524,-0.524,-0.524,0.0
SRR27343453,pseu,434,0.09,0.452,Acinetobacter,Pseudomonas,30637,1,1900,0,0,1,0.3487,1.2038,0.4341,0.5742,0.0,0.0,1.0,-1.2391,-1.2391,-1.2391,-0.4989,-0.4989,-0.4989,0.0
SRR27343961,pseu,164,0.085,0.451,Acinetobacter,Pseudomonas,14532,1,309,0,0,1,0.3487,1.2038,0.4341,0.5742,0.0,0.0,1.0,-1.2391,-1.2391,-1.2391,-0.4989,-0.4989,-0.4989,0.0
SRR27343246,pseu,113,0.071,0.558,Acinetobacter,Pseudomonas,19322,1,222,1,0,0,0.3556,1.2038,0.4305,0.5713,1.0,0.0,0.0,-1.2195,-1.2195,-1.2195,-0.4742,-0.4742,-0.4742,0.0099
SRR27343998,pseu,1856,0.068,0.619,Acinetobacter,Pseudomonas,83756,3,4661,1,2,0,0.3556,1.2359,0.4305,0.5771,0.33333,0.66667,0.0,-1.2458,-1.2783,-1.1814,-0.4843,-0.509,-0.4361,0.0099
SRR27343234,kleb,1512,0.031,0.226,Klebsiella,Klebsiella,73700,707,4617,11,44,652,0.4989,2.2616,2.6853,2.6325,0.01556,0.06223,0.92221,-1.5114,-1.7272,-1.2949,-1.6633,-1.8348,-1.4923,0.0526
